<?xml version="1.0" encoding="utf-8"?>
<WebWorksHelpBook version="5.0" name="Ultra Messaging Operations Guide" context="GUID-BB80C28B-F185-4B0D-8E60-602E7FE850EB" locale="en" xmlns="urn:WebWorks-Help-Book-Files-Schema">
  <CommonWordsToSkip minlen="3">
    a about after all also am an and another any are as at
    be because been before being between both but by
    came can come copyright corp corporation could
    did do does
    each etc
    for from
    get goes got
    had has have he her here him himself his how
    if in inc into is it its
    let like
    make many me might more most much must my
    never nor not now
    of off on one only or other our out over own
    reserved rights
    said same see set shall she should since so some still such
    take than that the their them then there these they this those though through to too
    under us use
    very
    was way we well were what when where which while who why will with would
    yes yet you your
   </CommonWordsToSkip>
  <ScoringPrefs>
    <meta name="keywords" weight="100" />
    <meta name="description" weight="50" />
    <meta name="summary" weight="50" />
    <title weight="20" />
    <h1 weight="15" />
    <h2 weight="10" />
    <caption weight="10" />
    <h3 weight="7" />
    <th weight="5" />
    <h4 weight="5" />
    <h5 weight="4" />
    <h6 weight="3" />
    <h7 weight="2" />
  </ScoringPrefs>
  <DocumentInfo>
    <Document title="Preface" href="GUID-BB80C28B-F185-4B0D-8E60-602E7FE850EB.1.1.html" />
    <Document title="Informatica Resources" href="GUID-BB80C28B-F185-4B0D-8E60-602E7FE850EB.1.2.html" />
    <Document title="Monitoring UM" href="GUID-BB80C28B-F185-4B0D-8E60-602E7FE850EB.1.3.html" />
    <Document title="Monitoring Transport Statistics" href="GUID-BB80C28B-F185-4B0D-8E60-602E7FE850EB.1.4.html" />
    <Document title="Monitoring Application Log Messages" href="GUID-BB80C28B-F185-4B0D-8E60-602E7FE850EB.1.5.html" />
    <Document title="Monitoring the UMP Store Daemon (umestored)" href="GUID-BB80C28B-F185-4B0D-8E60-602E7FE850EB.1.6.html" />
    <Document title="Monitoring the UM Gateway Daemon (tnwgd)" href="GUID-BB80C28B-F185-4B0D-8E60-602E7FE850EB.1.7.html" />
    <Document title="Monitoring Messaging System Resources" href="GUID-BB80C28B-F185-4B0D-8E60-602E7FE850EB.1.8.html" />
    <Document title="Startup/Shutdown Procedures" href="GUID-BB80C28B-F185-4B0D-8E60-602E7FE850EB.1.9.html" />
    <Document title="UM Anaylsis Tools" href="GUID-BB80C28B-F185-4B0D-8E60-602E7FE850EB.1.10.html" />
    <Document title="Troubleshooting UM Applications" href="GUID-BB80C28B-F185-4B0D-8E60-602E7FE850EB.1.11.html" />
    <Document title="Application Crashes" href="GUID-BB80C28B-F185-4B0D-8E60-602E7FE850EB.1.12.html" />
    <Document title="Assertions" href="GUID-BB80C28B-F185-4B0D-8E60-602E7FE850EB.1.13.html" />
    <Document title="Message Loss" href="GUID-BB80C28B-F185-4B0D-8E60-602E7FE850EB.1.14.html" />
    <Document title="Unrecoverable Loss" href="GUID-BB80C28B-F185-4B0D-8E60-602E7FE850EB.1.15.html" />
    <Document title="High Latency" href="GUID-BB80C28B-F185-4B0D-8E60-602E7FE850EB.1.16.html" />
    <Document title="Deaf Receivers" href="GUID-BB80C28B-F185-4B0D-8E60-602E7FE850EB.1.17.html" />
    <Document title="UMP Sending Problems" href="GUID-BB80C28B-F185-4B0D-8E60-602E7FE850EB.1.18.html" />
    <Document title="Contacting Informatica Support" href="GUID-BB80C28B-F185-4B0D-8E60-602E7FE850EB.1.19.html" />
    <Document title="UM Log Messages" href="GUID-BB80C28B-F185-4B0D-8E60-602E7FE850EB.1.20.html" />
    <Document title="UM Core Messages" href="GUID-BB80C28B-F185-4B0D-8E60-602E7FE850EB.1.21.html" />
    <Document title="UM Core API Messages" href="GUID-BB80C28B-F185-4B0D-8E60-602E7FE850EB.1.22.html" />
    <Document title="UM Gateway Log Messages" href="GUID-BB80C28B-F185-4B0D-8E60-602E7FE850EB.1.23.html" />
    <Document title="UM Lbmrd Log Messages" href="GUID-BB80C28B-F185-4B0D-8E60-602E7FE850EB.1.24.html" />
    <Document title="UM Persistent Store Log Messages" href="GUID-BB80C28B-F185-4B0D-8E60-602E7FE850EB.1.25.html" />
    <Document title="UM Persistent Store API Log Messages" href="GUID-BB80C28B-F185-4B0D-8E60-602E7FE850EB.1.26.html" />
  </DocumentInfo>
  <TopicMap />
</WebWorksHelpBook>