<?xml version="1.0" encoding="UTF-8"?>
<!--
  - A simple configuration file for a UME store daemon that listens on port 
  - 14567 for registration. Logs are appended to the file ume-example-stored.log
  -->
<ume-store version="1.0">
<daemon>
 <log>ume-example-stored.log</log>
</daemon>

<stores>
 <store name="UME Example Store" port="14567">
  <ume-attributes>
    <option type="store" name="disk-cache-directory" value="."/>
    <option type="store" name="disk-state-directory" value="."/>
  </ume-attributes>
  <topics>
   <topic pattern="." type="PCRE">
	<ume-attributes>
     <option type="store" name="repository-type" value="memory"/>
	</ume-attributes>
   </topic>
  </topics>
 </store>
</stores>
</ume-store>
