<?xml version="1.0" encoding="utf-8"?>
<WebWorksHelpIX version="5.0" xmlns="urn:WebWorks-Help-Index-Schema">
  <g t="Default" o="002" s=" ">
    <i t="">
      <j l="6#3_5_10_7_4_2" />
      <j l="6#3_5_10_7_4_2" />
      <j l="6#3_5_10_7_4_2" />
      <j l="8#3_5_14_13_4_2_8_2" />
      <j l="8#3_5_14_13_4_2_12_2" />
      <j l="8#3_5_14_13_4_2_12_4" />
      <j l="13" />
      <i t="UM Gateway">
        <j l="6#3_5_10_11_1" />
      </i>
      <i t="Web Monitor">
        <j l="6#3_5_10_11_1" />
      </i>
    </i>
  </g>
  <g t="A" o="002">
    <i t="age_max">
      <j l="3#3_5_4_15_1" />
    </i>
    <i t="age_mean">
      <j l="3#3_5_4_15_1" />
    </i>
    <i t="application crash">
      <j l="11" />
    </i>
    <i t="Application Log">
      <j l="8#3_5_14_9_1" />
    </i>
    <i t="Application logs">
      <j l="7#3_5_12_10_1" />
    </i>
    <i t="application shutdown">
      <j l="8#3_5_14_9_1" />
    </i>
    <i t="application startup errors">
      <j l="8#3_5_14_9_1" />
    </i>
    <i t="fatal" s="assertions">
      <j l="12" />
    </i>
    <i t="non fatal" s="assertions">
      <j l="12" />
    </i>
    <i t="Automatic Monitoring">
      <j l="3" />
      <j l="5#3_5_8_8_1" />
    </i>
  </g>
  <g t="B" o="002">
    <i t="bandwidth">
      <j l="8#3_5_14_7_1" />
    </i>
    <i t="bytes_rcvd">
      <j l="16" />
    </i>
    <i t="bytes_sent">
      <j l="16" />
    </i>
  </g>
  <g t="C" o="002">
    <i t="Cache file">
      <j l="8#3_5_14_13_1" />
    </i>
    <i t="Contacting Informatica Support">
      <j l="18" />
    </i>
    <i t="context statistics">
      <j l="6#3_5_10_9_1" />
    </i>
    <i t="coredump">
      <j l="9" />
    </i>
    <i t="CPU usage">
      <j l="7#3_5_12_3_2_2" />
      <j l="7#3_5_12_6_1" />
      <j l="7#3_5_12_10_1" />
      <j l="8#3_5_14_7_1" />
      <j l="11" />
    </i>
  </g>
  <g t="D" o="002">
    <i t="daemon">
      <i t="unicast resolver">
        <j l="8#3_5_14_11_1" />
      </i>
    </i>
    <i t="data_msgs">
      <j l="3#3_5_4_15_1" />
    </i>
    <i t="data_msgs_svc_max">
      <j l="3#3_5_4_15_1" />
    </i>
    <i t="data_msgs_svc_mean">
      <j l="3#3_5_4_15_1" />
    </i>
    <i t="datagram size">
      <j l="11" />
    </i>
    <i t="debug flag">
      <j l="9" />
    </i>
    <i t="dgrams_dropped_*">
      <j l="3#3_5_4_7_1" />
    </i>
  </g>
  <g t="E" o="002">
    <i t="End of Session">
      <j l="16" />
    </i>
    <i t="End Of Session">
      <j l="8#3_5_14_9_1" />
    </i>
    <i t="Endpoint portal">
      <j l="6#3_5_10_11_1" />
    </i>
    <i t="Endpoint Send Statistics">
      <j l="6#3_5_10_11_1" />
    </i>
    <i t="EOS">
      <j l="8#3_5_14_9_1" />
      <j l="16" />
    </i>
    <i t="EUMENOREG">
      <j l="17" />
    </i>
    <i t="event queue statistics">
      <j l="6#3_5_10_9_1" />
    </i>
    <i t="events">
      <j l="3#3_5_4_15_1" />
    </i>
  </g>
  <g t="F" o="002">
    <i t="fatal assertions">
      <j l="12" />
    </i>
    <i t="file descriptors">
      <j l="7#3_5_12_6_1" />
    </i>
    <i t="flight size">
      <j l="17" />
    </i>
  </g>
  <g t="G" o="002">
    <i t="gcore">
      <j l="9" />
    </i>
  </g>
  <g t="I" o="002">
    <i t="implicit batching">
      <j l="15" />
    </i>
  </g>
  <g t="L" o="002">
    <i t="Late Join">
      <j l="15" />
    </i>
    <i t="Latency">
      <j l="7#3_5_12_8_1" />
    </i>
    <i t="Latency spikes">
      <j l="15" />
    </i>
    <i t="LBM_MSG_EOS">
      <j l="8#3_5_14_9_1" />
    </i>
    <i t="LBM_MSG_FLUSH">
      <j l="15" />
    </i>
    <i t="LBM_MSG_UME_REGISTRATION_ COMPLETE_EX">
      <j l="17" />
    </i>
    <i t="LBM_MSG_UNRECOVERABLE_LOSS">
      <j l="3#3_5_4_7_1" />
      <j l="14" />
    </i>
    <i t="LBM_MSG_UNRECOVERABLE_LOSS_BURST">
      <j l="3#3_5_4_7_1" />
      <j l="14" />
    </i>
    <i t="lbm_msgs_no_topic_rcved">
      <j l="3#3_5_4_7_1" />
    </i>
    <i t="LBM_SRC_EVENT_DISCONNECT">
      <j l="8#3_5_14_9_1" />
    </i>
    <i t="LBM_SRC_EVENT_UME_REGISTRATION_ERROR">
      <j l="5#3_5_8_6_1" />
    </i>
    <i t="LBM_SRC_EVENT_UME_STORE_ UNRESPONSIVE">
      <j l="17" />
    </i>
    <i t="LBM_SRC_EVENT_UME_STORE_UNRESPONSIVE">
      <j l="5#3_5_8_12_1" />
    </i>
    <i t="lbmmoncache">
      <j l="9" />
    </i>
    <i t="lbmrd">
      <j l="4" />
      <j l="8" />
      <j l="8#3_5_14_11_1" />
      <j l="16" />
    </i>
    <i t="lbtrreq">
      <j l="9" />
    </i>
    <i t="log messages">
      <j l="4" />
      <j l="5#3_5_8_12_1" />
      <j l="6#3_5_10_7_1" />
      <j l="20" />
      <j l="21" />
      <j l="22" />
      <j l="23" />
      <j l="24" />
      <j l="25" />
    </i>
    <i t="lost">
      <j l="13" />
    </i>
    <i t="Lost quorum">
      <j l="17" />
    </i>
  </g>
  <g t="M" o="002">
    <i t="memory usage">
      <j l="7#3_5_12_10_1" />
    </i>
    <i t="message loss">
      <j l="13" />
    </i>
    <i t="monitoring statistics">
      <j l="16" />
      <j l="17" />
    </i>
    <i t="MS System Resource Manager">
      <j l="9" />
    </i>
    <i t="msgs_rcvd">
      <j l="16" />
    </i>
    <i t="msgs_sent">
      <j l="16" />
    </i>
  </g>
  <g t="N" o="002">
    <i t="NAK">
      <j l="3#3_5_4_9_1" />
      <j l="13" />
    </i>
    <i t="nak_pckets_rcved">
      <j l="13" />
    </i>
    <i t="nak_pckets_sent">
      <j l="13" />
    </i>
    <i t="naks_rcved">
      <j l="13" />
    </i>
    <i t="naks_sent">
      <j l="3#3_5_4_7_1" />
      <j l="5#3_5_8_10_1" />
    </i>
    <i t="naks_shed">
      <j l="3#3_5_4_9_1" />
    </i>
    <i t="netsh">
      <j l="9" />
    </i>
    <i t="netstat">
      <j l="9" />
    </i>
    <i t="network activity">
      <j l="7#3_5_12_10_1" />
    </i>
    <i t="Network bandwidth">
      <j l="7#3_5_12_3_2_6" />
    </i>
    <i t="network packet captures">
      <j l="7#3_5_12_3_4" />
    </i>
    <i t="network statistics">
      <j l="9" />
    </i>
    <i t="NIC ring buffer">
      <j l="13" />
    </i>
    <i t="non-fatal assertions">
      <j l="12" />
    </i>
    <i t="num_clients">
      <j l="16" />
    </i>
  </g>
  <g t="O" o="002">
    <i t="opic resolution">
      <j l="9" />
    </i>
  </g>
  <g t="P" o="002">
    <i t="packet capture">
      <j l="9" />
    </i>
    <i t="packet captures">
      <j l="18" />
    </i>
    <i t="Peer portal">
      <j l="6#3_5_10_11_1" />
    </i>
    <i t="Peer Send Statistics">
      <j l="6#3_5_10_11_1" />
    </i>
    <i t="PID">
      <j l="5#3_5_8_12_1" />
      <j l="6#3_5_10_13_1" />
      <j l="8#3_5_14_9_1" />
      <j l="8#3_5_14_13_1" />
      <j l="8#3_5_14_15_1" />
      <j l="11" />
      <j l="16" />
    </i>
    <i t="Process ID">
      <j l="5#3_5_8_12_1" />
      <j l="6#3_5_10_13_1" />
      <j l="8#3_5_14_9_1" />
      <j l="16" />
    </i>
    <i t="prstat">
      <j l="9" />
    </i>
    <i t="pstack">
      <j l="9" />
    </i>
  </g>
  <g t="R" o="002">
    <i t="reduced-fd repository type">
      <j l="7#3_5_12_6_1" />
    </i>
    <i t="resolver_initial_advertisement_bps">
      <j l="8#3_5_14_7_1" />
    </i>
    <i t="resolver_initial_advertisements_per_second">
      <j l="8#3_5_14_7_1" />
    </i>
    <i t="restart a store">
      <j l="8#3_5_14_13_1" />
    </i>
    <i t="retransmission requests">
      <j l="3#3_5_4_9_1" />
    </i>
    <i t="retransmissions">
      <j l="3#3_5_4_7_1" />
    </i>
    <i t="retransmit_rate_limiter">
      <j l="3#3_5_4_9_1" />
    </i>
    <i t="rxs_sent">
      <j l="3#3_5_4_9_1" />
    </i>
  </g>
  <g t="S" o="002">
    <i t="sequence numbers">
      <j l="3#3_5_4_7_1" />
    </i>
    <i t="shutdown">
      <j l="8" />
      <j l="11" />
    </i>
    <i t="stack trace">
      <j l="9" />
    </i>
    <i t="startup">
      <j l="8" />
    </i>
    <i t="State file">
      <j l="8#3_5_14_13_1" />
    </i>
    <i t="store">
      <i t="log file">
        <j l="5#3_5_8_6_1" />
      </i>
    </i>
  </g>
  <g t="T" o="002">
    <i t="tcpdump">
      <j l="9" />
    </i>
    <i t="Tcpdump">
      <j l="18" />
    </i>
    <i t="tnwgd">
      <j l="4" />
      <j l="6" />
      <j l="6#3_5_10_7_1" />
      <j l="6#3_5_10_11_1" />
      <j l="8" />
      <j l="8#3_5_14_15_1" />
      <j l="11" />
    </i>
    <i t="Top">
      <j l="9" />
    </i>
    <i t="Topic Resolution">
      <j l="8#3_5_14_7_1" />
      <j l="8#3_5_14_15_1" />
    </i>
    <i t="topic resolution domain">
      <j l="6#3_5_10_11_1" />
    </i>
    <i t="tr_rcv_unresolved_topics">
      <j l="16" />
    </i>
    <i t="transport statistics">
      <j l="5#3_5_8_8_1" />
      <j l="5#3_5_8_10_1" />
      <j l="6#3_5_10_9_1" />
    </i>
    <i t="Tshark">
      <j l="9" />
    </i>
  </g>
  <g t="U" o="002">
    <i t="UDP buffers">
      <j l="7#3_5_12_3_2_10" />
      <j l="7#3_5_12_10_1" />
    </i>
    <i t="UDP socket buffer">
      <j l="13" />
      <j l="13" />
    </i>
    <i t="UM daemon">
      <j l="4" />
    </i>
    <i t="restart a" s="UM Gateway">
      <j l="8#3_5_14_15_1" />
    </i>
    <i t="start a" s="UM Gateway">
      <j l="8#3_5_14_15_1" />
    </i>
    <i t="UM Gateway">
      <j l="6" />
      <j l="6#3_5_10_13_1" />
      <j l="8#3_5_14_15_1" />
      <i t="log messages">
        <j l="6#3_5_10_7_1" />
      </i>
    </i>
    <i t="UM Knowledge Base">
      <j l="9" />
      <j l="11" />
      <j l="14" />
    </i>
    <i t="UM Monitoring">
      <j l="3" />
      <j l="7#3_5_12_10_1" />
      <j l="8#3_5_14_7_1" />
    </i>
    <i t="umestore">
      <j l="4" />
    </i>
    <i t="umestored">
      <j l="7#3_5_12_6_1" />
      <j l="8" />
      <j l="8#3_5_14_13_1" />
      <j l="11" />
    </i>
    <i t="UMP Store">
      <j l="5#3_5_8_12_1" />
      <j l="7#3_5_12_6_1" />
      <j l="8#3_5_14_13_1" />
    </i>
    <i t="unrecovered_tmo">
      <j l="3#3_5_4_7_1" />
      <j l="14" />
    </i>
    <i t="unrecovered_txw">
      <j l="3#3_5_4_7_1" />
      <j l="14" />
    </i>
  </g>
  <g t="W" o="002">
    <i t="WAN">
      <j l="6" />
    </i>
    <i t="WAN bandwidth">
      <j l="6" />
    </i>
    <i t="Web Monitor">
      <j l="6#3_5_10_13_1" />
      <i t="UMP Store">
        <j l="5#3_5_8_10_1" />
      </i>
    </i>
    <i t="wget">
      <j l="5#3_5_8_10_1" />
      <j l="9" />
    </i>
    <i t="Wireshark">
      <j l="9" />
      <j l="18" />
    </i>
  </g>
  <g t="X" o="002">
    <i t="XML configuration file">
      <j l="6#3_5_10_9_1" />
      <j l="8#3_5_14_11_1" />
      <j l="8#3_5_14_13_1" />
    </i>
    <i t="XML configuration files">
      <j l="4" />
    </i>
  </g>
</WebWorksHelpIX>